Pos,Name,Value
1,China,$2252000000000
2,European Union,$2173000000000
3,United States,$1610000000000
4,Germany,$1547000000000
5,Japan,$710500000000
6,"Korea, South",$628000000000
7,France,$578300000000
8,Netherlands,$552800000000
9,Hong Kong,$528200000000
10,Russia,$520300000000
11,United Kingdom,$503400000000
12,Italy,$500300000000
13,Canada,$465100000000
14,Singapore,$449100000000
15,Mexico,$406400000000
16,United Arab Emirates,$404700000000
17,Switzerland,$388900000000
18,Saudi Arabia,$359400000000
19,India,$342500000000
20,Belgium,$323400000000
21,Taiwan,$318000000000
22,Spain,$317300000000
23,Australia,$250800000000
24,Brazil,$242700000000
25,Thailand,$232000000000
26,Malaysia,$231300000000
27,Poland,$218900000000
28,Sweden,$184100000000
29,Indonesia,$179400000000
30,Turkey,$176600000000
31,Austria,$164400000000
32,Norway,$150200000000
33,Czech Republic,$147300000000
34,Vietnam,$147000000000
35,Ireland,$121300000000
36,Qatar,$121200000000
37,Kuwait,$109900000000
38,Denmark,$108800000000
39,Hungary,$99540000000
40,South Africa,$97900000000
41,Iran,$95710000000
42,Iraq,$94430000000
43,Nigeria,$93010000000
44,Kazakhstan,$87250000000
45,Slovakia,$86550000000
46,Venezuela,$83200000000
47,Finland,$78000000000
48,Chile,$76980000000
49,Argentina,$76470000000
50,Angola,$69460000000
51,Puerto Rico,$68340000000
52,Portugal,$66300000000
53,Israel,$63210000000
54,Romania,$63120000000
55,Algeria,$62100000000
56,Oman,$58740000000
57,Colombia,$55000000000
58,Philippines,$53360000000
59,Ukraine,$52460000000
60,New Zealand,$40210000000
61,Belarus,$37890000000
62,Greece,$36600000000
63,Peru,$36430000000
64,Lithuania,$31640000000
65,Bangladesh,$31200000000
66,Azerbaijan,$30890000000
67,Slovenia,$30470000000
68,Bulgaria,$29250000000
69,Ecuador,$27330000000
70,Egypt,$27150000000
71,Pakistan,$25110000000
72,Bahrain,$22000000000
73,Turkmenistan,$21780000000
74,Morocco,$19560000000
75,Luxembourg,$18900000000
76,Panama,$18070000000
77,Libya,$17490000000
78,Tunisia,$16610000000
79,Estonia,$15820000000
80,Serbia,$15000000000
81,Paraguay,$14610000000
82,Cote d'Ivoire,$14580000000
83,Croatia,$14080000000
84,Ghana,$13530000000
85,Latvia,$13380000000
86,Uzbekistan,$13320000000
87,Equatorial Guinea,$13260000000
88,Trinidad and Tobago,$12610000000
89,Bolivia,$12340000000
90,Sri Lanka,$11880000000
91,Costa Rica,$11750000000
92,Brunei,$11380000000
93,Uruguay,$11000000000
94,Guatemala,$10600000000
95,Burma,$10310000000
96,Dominican Republic,$10110000000
97,"Congo, Democratic Republic of the",$10090000000
98,Zambia,$9214000000
99,"Congo, Republic of the",$8972000000
100,Jordan,$8556000000
101,Honduras,$8520000000
102,Gabon,$8401000000
103,Botswana,$7477000000
104,Papua New Guinea,$7418000000
105,Sudan,$7185000000
106,Yemen,$7041000000
107,Cambodia,$6806000000
108,Cameroon,$6376000000
109,Kenya,$6271000000
110,Tanzania,$6084000000
111,Mongolia,$5676000000
112,Cuba,$5670000000
113,Iceland,$5000000000
114,Chad,$4912000000
115,Namibia,$4597000000
116,El Salvador,$4521000000
117,Georgia,$4493000000
118,Mozambique,$4345000000
119,Virgin Islands,$4234000000
120,Ethiopia,$4140000000
121,Lebanon,$4092000000
122,Nicaragua,$3997000000
123,Bosnia and Herzegovina,$3865000000
124,San Marino,$3827000000
125,Liechtenstein,$3801000000
126,"Korea, North",$3800000000
127,Malta,$3710000000
128,Macedonia,$3421000000
129,Zimbabwe,$3263000000
130,Mauritius,$3135000000
131,Laos,$2791000000
132,Afghanistan,$2785000000
133,Uganda,$2776000000
134,Mali,$2763000000
135,Moldova,$2630000000
136,Mauritania,$2573000000
137,Suriname,$2515000000
138,Albania,$2471000000
139,Senegal,$2462000000
140,Burkina Faso,$2254000000
141,Sierra Leone,$2241000000
142,Swaziland,$2192000000
143,West Bank,$2107000000
144,Benin,$2045000000
145,Syria,$2031000000
146,Cyprus,$2018000000
147,Kyrgyzstan,$2009000000
148,Guinea,$1754000000
149,Armenia,$1750000000
150,Niger,$1652000000
151,Curacao,$1607000000
152,Jamaica,$1497000000
153,Togo,$1381000000
154,Malawi,$1332000000
155,Guyana,$1308000000
156,New Caledonia,$1195000000
157,Fiji,$1188000000
158,Macau,$1137000000
159,Nepal,$1124000000
160,Monaco,$1115000000
161,"Bahamas, The",$960000000
162,Haiti,$903100000
163,Liberia,$897900000
164,Madagascar,$864800000
165,Lesotho,$824900000
166,Faroe Islands,$824000000
167,Barbados,$774900000
168,Rwanda,$720000000
169,Tajikistan,$654800000
170,Bhutan,$650300000
171,Belize,$640900000
172,Eritrea,$573500000
173,Seychelles,$525100000
174,Somalia,$515800000
175,Solomon Islands,$493100000
176,Montenegro,$489200000
177,American Samoa,$445600000
178,Kosovo,$408000000
179,Greenland,$384300000
180,Aruba,$312700000
181,Gibraltar,$271000000
182,French Polynesia,$230000000
183,Saint Lucia,$203300000
184,Cabo Verde,$189800000
185,Guinea-Bissau,$179900000
186,Maldives,$166000000
187,Falkland Islands (Islas Malvinas),$125000000
188,Djibouti,$119500000
189,Burundi,$113600000
190,"Gambia, The",$107400000
191,Central African Republic,$102400000
192,Saint Kitts and Nevis,$101500000
193,Northern Mariana Islands,$98200000
194,Andorra,$70000000
195,Antigua and Barbuda,$56500000
196,Marshall Islands,$50140000
197,Saint Vincent and the Grenadines,$48200000
198,Vanuatu,$44000000
199,Guam,$44000000
200,Grenada,$40500000
201,Dominica,$38600000
202,Timor-Leste,$34100000
203,British Virgin Islands,$25500000
204,"Micronesia, Federated States of",$24900000
205,Turks and Caicos Islands,$24770000
206,Comoros,$24300000
207,Tonga,$23400000
208,"Saint Helena, Ascension, and Tristan da Cunha",$19000000
209,Cayman Islands,$15200000
210,Bermuda,$14000000
211,Sao Tome and Principe,$12600000
212,Palau,$12300000
213,Anguilla,$11700000
214,Samoa,$11400000
215,Kiribati,$7066000
216,Saint Pierre and Miquelon,$6641000
217,Montserrat,$3600000
218,Tuvalu,$600000
219,Niue,$201400
220,Nauru,$64000
221,Wallis and Futuna,$47450
222,Cook Islands,$3000
223,Tokelau,$0
