Pos,Name,Value
1,Russia,2968000
2,United States,2311000
3,European Union,2196000
4,Netherlands,2138000
5,Saudi Arabia,1471000
6,India,1380000
7,"Korea, South",1212000
8,Canada,1073000
9,Kuwait,656100
10,Venezuela,638000
11,Italy,628000
12,China,612000
13,United Kingdom,526400
14,Algeria,471900
15,France,464300
16,Belgium,442800
17,Spain,404200
18,United Arab Emirates,382300
19,Germany,376600
20,Norway,349600
21,Iran,330800
22,Virgin Islands,316100
23,Japan,309000
24,Sweden,261700
25,Taiwan,255000
26,Aruba,234200
27,Bahrain,226000
28,Belarus,224200
29,Curacao,211100
30,Qatar,210000
31,Thailand,192400
32,Mexico,189100
33,Greece,183100
34,Malaysia,176500
35,Portugal,168000
36,Brazil,158400
37,Lithuania,155000
38,Kazakhstan,149800
39,Finland,144400
40,Indonesia,142400
41,Libya,119000
42,Turkey,107800
43,Trinidad and Tobago,106500
44,Denmark,104400
45,Argentina,94500
46,Colombia,92410
47,Israel,83700
48,Egypt,83000
49,Peru,82080
50,Ukraine,80980
51,South Africa,80460
52,Romania,75480
53,Bulgaria,73740
54,Australia,70810
55,Slovakia,70520
56,Poland,68970
57,Turkmenistan,64360
58,Hungary,59110
59,Azerbaijan,53440
60,Oman,47710
61,Austria,43010
62,"Bahamas, The",41770
63,Cote d'Ivoire,38300
64,Vietnam,37050
65,Syria,36210
66,Czech Republic,35720
67,Pakistan,34660
68,Croatia,30120
69,Ecuador,28000
70,Ireland,26120
71,Morocco,20830
72,Nigeria,18750
73,Philippines,17810
74,Angola,17750
75,Serbia,16060
76,Sudan,14950
77,Malta,14410
78,Yemen,14330
79,Slovenia,14210
80,Cameroon,13370
81,Chile,13040
82,Hong Kong,12010
83,Cuba,11320
84,Bosnia and Herzegovina,10460
85,Ghana,9977
86,Gabon,7670
87,Switzerland,7585
88,Macedonia,6750
89,Latvia,6146
90,Uzbekistan,4968
91,Guatemala,4911
92,Uruguay,4656
93,"Congo, Republic of the",4288
94,Iraq,3832
95,Papua New Guinea,3536
96,Tunisia,3391
97,Bangladesh,3288
98,New Zealand,2471
99,Kyrgyzstan,2433
100,El Salvador,2425
101,Equatorial Guinea,2320
102,Costa Rica,1898
103,Iceland,1420
104,Kenya,1266
105,Suriname,1015
106,Nicaragua,1000
107,Mozambique,953
108,Greenland,920
109,Fiji,692
110,Senegal,562
111,Moldova,552
112,West Bank,515
113,Tajikistan,500
114,Montenegro,369
115,Madagascar,365
116,Zambia,254
117,Antigua and Barbuda,240
118,New Caledonia,117
119,Albania,68
120,Luxembourg,52
121,"Gambia, The",42
122,Armenia,32
123,Liberia,23
124,Djibouti,19
125,Saint Pierre and Miquelon,0
126,Saint Kitts and Nevis,0
127,Seychelles,0
128,"Saint Helena, Ascension, and Tristan da Cunha",0
129,Sierra Leone,0
130,Singapore,0
131,Somalia,0
132,Saint Lucia,0
133,Turks and Caicos Islands,0
134,Tonga,0
135,Togo,0
136,Sao Tome and Principe,0
137,Timor-Leste,0
138,Tanzania,0
139,Uganda,0
140,Burkina Faso,0
141,Saint Vincent and the Grenadines,0
142,British Virgin Islands,0
143,Namibia,0
144,Western Sahara,0
145,Samoa,0
146,Swaziland,0
147,Zimbabwe,0
148,Afghanistan,0
149,American Samoa,0
150,Barbados,0
151,Botswana,0
152,Bermuda,0
153,Belize,0
154,Bolivia,0
155,Burma,0
156,Benin,0
157,Solomon Islands,0
158,Bhutan,0
159,Brunei,0
160,Burundi,0
161,Cambodia,0
162,Chad,0
163,Sri Lanka,0
164,"Congo, Democratic Republic of the",0
165,Cayman Islands,0
166,Comoros,0
167,Central African Republic,0
168,Cabo Verde,0
169,Cook Islands,0
170,Cyprus,0
171,Dominica,0
172,Dominican Republic,0
173,Estonia,0
174,Eritrea,0
175,Ethiopia,0
176,Falkland Islands (Islas Malvinas),0
177,Faroe Islands,0
178,French Polynesia,0
179,Georgia,0
180,Gibraltar,0
181,Grenada,0
182,Guam,0
183,Guinea,0
184,Guyana,0
185,Haiti,0
186,Honduras,0
187,Jamaica,0
188,Jordan,0
189,"Korea, North",0
190,Kiribati,0
191,Laos,0
192,Lebanon,0
193,Lesotho,0
194,Macau,0
195,Mongolia,0
196,Montserrat,0
197,Malawi,0
198,Mali,0
199,Mauritius,0
200,Mauritania,0
201,Maldives,0
202,Niue,0
203,Niger,0
204,Vanuatu,0
205,Nepal,0
206,Nauru,0
207,Paraguay,0
208,Panama,0
209,Guinea-Bissau,0
210,Puerto Rico,0
211,Rwanda,0
